{"short_name":"MakeQRC","name":"Generate QR codes from text or URL","icons":[{"src":"assets/makeqrc_circle.png","type":"image/svg+xml","sizes":"512x512"},{"src":"assets/makeqrc_circle.png","type":"image/png","sizes":"192x192"},{"src":"assets/makeqrc_circle.png","type":"image/png","sizes":"512x512"}],"description":"Generate QR codes from text or URL","background_color":"#000000","theme_color":"#FBECB2","id":"/?source=pwa","start_url":"/?source=pwa","display":"standalone","scope":"/","screenshots":[{"src":"https://raw.githubusercontent.com/Sharukhi/makeqrc/main/public/assets/cover1.png","sizes":"1080x1920","type":"image/png","form_factor":"wide","label":"MakeQRC"},{"src":"https://raw.githubusercontent.com/Sharukhi/makeqrc/main/public/assets/cover2.png","sizes":"1080x1920","type":"image/png","form_factor":"wide","label":"MakeQRC"},{"src":"https://raw.githubusercontent.com/Sharukhi/makeqrc/main/public/assets/cover1.png","sizes":"1080x1920","type":"image/png","form_factor":"narrow","label":"MakeQRC"},{"src":"https://raw.githubusercontent.com/Sharukhi/makeqrc/main/public/assets/cover2.png","sizes":"1080x1920","type":"image/png","form_factor":"narrow","label":"MakeQRC"},{"src":"maskable.png","sizes":"196x196","type":"image/png","purpose":"any maskable"}]}